[{"model": "movies.person", "pk": "035fd619-41d0-43af-83b3-65e69c5201f7", "fields": {"created": "2021-06-10T14:44:38.280Z", "modified": "2021-06-10T14:44:38.280Z", "first_name": "user 07", "last_name": "last 07"}}, {"model": "movies.person", "pk": "04813661-06b9-478d-b76f-a8a3c311b4e0", "fields": {"created": "2021-06-10T14:44:38.311Z", "modified": "2021-06-10T14:44:38.311Z", "first_name": "user 09", "last_name": "last 09"}}, {"model": "movies.person", "pk": "10edc335-d5f0-40e2-ad33-e27b3069eb2d", "fields": {"created": "2021-06-10T14:44:38.252Z", "modified": "2021-06-10T14:44:38.252Z", "first_name": "user 05", "last_name": "last 05"}}, {"model": "movies.person", "pk": "133310ba-a92d-497a-a983-6f581fc01a89", "fields": {"created": "2021-06-10T14:47:27.881Z", "modified": "2021-06-10T14:47:27.881Z", "first_name": "user 06", "last_name": "last 06"}}, {"model": "movies.person", "pk": "1d7111c9-9ffb-4850-bffc-93161abeaf83", "fields": {"created": "2021-06-10T14:47:27.799Z", "modified": "2021-06-10T14:47:27.799Z", "first_name": "user 00", "last_name": "last 00"}}, {"model": "movies.person", "pk": "2143db5c-f244-4196-8170-7e61096df7f1", "fields": {"created": "2021-06-10T14:47:27.828Z", "modified": "2021-06-10T14:47:27.828Z", "first_name": "user 02", "last_name": "last 02"}}, {"model": "movies.person", "pk": "3002bb50-465f-413f-b116-01c5eec5c729", "fields": {"created": "2021-06-10T14:47:27.923Z", "modified": "2021-06-10T14:47:27.923Z", "first_name": "user 09", "last_name": "last 09"}}, {"model": "movies.person", "pk": "4804bf2b-b558-4f0f-9280-52b2f7c85030", "fields": {"created": "2021-06-10T14:44:38.207Z", "modified": "2021-06-10T14:44:38.207Z", "first_name": "user 02", "last_name": "last 02"}}, {"model": "movies.person", "pk": "5428d5c8-634d-45f1-821b-3ab29aaeff4d", "fields": {"created": "2021-06-10T14:47:27.908Z", "modified": "2021-06-10T14:47:27.908Z", "first_name": "user 08", "last_name": "last 08"}}, {"model": "movies.person", "pk": "666fa40e-cca9-4996-88e0-141253121714", "fields": {"created": "2021-06-10T14:47:27.854Z", "modified": "2021-06-10T14:47:27.854Z", "first_name": "user 04", "last_name": "last 04"}}, {"model": "movies.person", "pk": "736a1497-6e37-48f2-9d65-5260815b1c6d", "fields": {"created": "2021-06-10T14:47:27.840Z", "modified": "2021-06-10T14:47:27.840Z", "first_name": "user 03", "last_name": "last 03"}}, {"model": "movies.person", "pk": "7a41fbf8-8221-46ab-b9d7-1fe6aab4df01", "fields": {"created": "2021-06-10T14:44:38.266Z", "modified": "2021-06-10T14:44:38.266Z", "first_name": "user 06", "last_name": "last 06"}}, {"model": "movies.person", "pk": "7e64c127-25c5-4458-a0e5-838185c2a3d5", "fields": {"created": "2021-06-10T14:47:27.868Z", "modified": "2021-06-10T14:47:27.868Z", "first_name": "user 05", "last_name": "last 05"}}, {"model": "movies.person", "pk": "99cff519-7eb4-4e9e-8ddc-671b0292d095", "fields": {"created": "2021-06-10T14:44:38.296Z", "modified": "2021-06-10T14:44:38.296Z", "first_name": "user 08", "last_name": "last 08"}}, {"model": "movies.person", "pk": "9f53c446-8dc4-41a8-856b-720c20ef6fbd", "fields": {"created": "2021-06-10T14:47:27.894Z", "modified": "2021-06-10T14:47:27.894Z", "first_name": "user 07", "last_name": "last 07"}}, {"model": "movies.person", "pk": "a240315b-d94d-4f32-b942-4f46fcd0e02d", "fields": {"created": "2021-06-10T14:44:38.238Z", "modified": "2021-06-10T14:44:38.238Z", "first_name": "user 04", "last_name": "last 04"}}, {"model": "movies.person", "pk": "be70ab9a-6dcc-4e1d-a71d-42c63f77bf52", "fields": {"created": "2021-06-10T14:47:27.815Z", "modified": "2021-06-10T14:47:27.815Z", "first_name": "user 01", "last_name": "last 01"}}, {"model": "movies.person", "pk": "c7f5be57-349c-436a-a712-faf318c7d93a", "fields": {"created": "2021-06-10T14:44:38.222Z", "modified": "2021-06-10T14:44:38.222Z", "first_name": "user 03", "last_name": "last 03"}}, {"model": "movies.person", "pk": "c95db663-ab0f-408d-9465-fe71de09eb87", "fields": {"created": "2021-06-10T14:44:38.192Z", "modified": "2021-06-10T14:44:38.192Z", "first_name": "user 01", "last_name": "last 01"}}, {"model": "movies.person", "pk": "e26862f1-8981-458b-9c81-37f278f1c485", "fields": {"created": "2021-06-10T14:44:38.177Z", "modified": "2021-06-10T14:44:38.177Z", "first_name": "user 00", "last_name": "last 00"}}, {"model": "movies.role", "pk": 1, "fields": {"created": "2021-06-10T14:44:38.154Z", "modified": "2021-06-10T14:44:38.154Z", "role": "director"}}, {"model": "movies.role", "pk": 2, "fields": {"created": "2021-06-10T14:44:38.159Z", "modified": "2021-06-10T14:44:38.159Z", "role": "actor"}}, {"model": "movies.role", "pk": 3, "fields": {"created": "2021-06-10T14:44:38.165Z", "modified": "2021-06-10T14:44:38.165Z", "role": "writer"}}, {"model": "movies.genre", "pk": 1, "fields": {"created": "2021-06-10T14:44:38.136Z", "modified": "2021-06-10T14:44:38.136Z", "genre": "Sci-Fi"}}, {"model": "movies.genre", "pk": 2, "fields": {"created": "2021-06-10T14:47:27.770Z", "modified": "2021-06-10T14:47:27.770Z", "genre": "Adventure"}}, {"model": "movies.filmwork", "pk": 1, "fields": {"created": "2021-06-10T14:44:38.177Z", "modified": "2021-06-10T14:44:38.177Z", "title": "FilmWork Title 00", "description": "FilmWork Description 0", "creation_date": "2021-06-10", "certificate": "FilmWork Certificate 0", "file_path": "", "rating": 0.0, "type": "tv_show", "uuid": "0c23f479-8f7c-4a56-b582-a93336ef3bf7", "genres": [1]}}, {"model": "movies.filmwork", "pk": 2, "fields": {"created": "2021-06-10T14:44:38.192Z", "modified": "2021-06-10T14:44:38.192Z", "title": "FilmWork Title 01", "description": "FilmWork Description 1", "creation_date": "2021-06-10", "certificate": "FilmWork Certificate 1", "file_path": "", "rating": 0.0, "type": "tv_show", "uuid": "3884f24f-2c95-4fcf-beb5-e707f3b423dc", "genres": [1]}}, {"model": "movies.filmwork", "pk": 3, "fields": {"created": "2021-06-10T14:44:38.207Z", "modified": "2021-06-10T14:44:38.207Z", "title": "FilmWork Title 02", "description": "FilmWork Description 2", "creation_date": "2021-06-10", "certificate": "FilmWork Certificate 2", "file_path": "", "rating": 0.0, "type": "movie", "uuid": "85db8aca-020a-42f3-ad76-280827782846", "genres": [1]}}, {"model": "movies.filmwork", "pk": 4, "fields": {"created": "2021-06-10T14:44:38.222Z", "modified": "2021-06-10T14:44:38.222Z", "title": "FilmWork Title 03", "description": "FilmWork Description 3", "creation_date": "2021-06-10", "certificate": "FilmWork Certificate 3", "file_path": "", "rating": 0.0, "type": "tv_show", "uuid": "c6cffed1-504e-41df-8770-f0a8dfa4bfbf", "genres": [1]}}, {"model": "movies.filmwork", "pk": 5, "fields": {"created": "2021-06-10T14:44:38.237Z", "modified": "2021-06-10T14:44:38.237Z", "title": "FilmWork Title 04", "description": "FilmWork Description 4", "creation_date": "2021-06-10", "certificate": "FilmWork Certificate 4", "file_path": "", "rating": 0.0, "type": "movie", "uuid": "486471b7-fe6f-4559-b776-41fcdce27b49", "genres": [1]}}, {"model": "movies.filmwork", "pk": 6, "fields": {"created": "2021-06-10T14:44:38.252Z", "modified": "2021-06-10T14:44:38.252Z", "title": "FilmWork Title 05", "description": "FilmWork Description 5", "creation_date": "2021-06-10", "certificate": "FilmWork Certificate 5", "file_path": "", "rating": 0.0, "type": "movie", "uuid": "2b52000d-e717-4a21-b83a-e78247189fd9", "genres": [1]}}, {"model": "movies.filmwork", "pk": 7, "fields": {"created": "2021-06-10T14:44:38.266Z", "modified": "2021-06-10T14:44:38.266Z", "title": "FilmWork Title 06", "description": "FilmWork Description 6", "creation_date": "2021-06-10", "certificate": "FilmWork Certificate 6", "file_path": "", "rating": 0.0, "type": "movie", "uuid": "26bc3429-ccc1-43cb-b4a1-ebb3030d2a28", "genres": [1]}}, {"model": "movies.filmwork", "pk": 8, "fields": {"created": "2021-06-10T14:44:38.280Z", "modified": "2021-06-10T14:44:38.280Z", "title": "FilmWork Title 07", "description": "FilmWork Description 7", "creation_date": "2021-06-10", "certificate": "FilmWork Certificate 7", "file_path": "", "rating": 0.0, "type": "tv_show", "uuid": "4884237a-4912-4614-9008-13a15d6d1026", "genres": [1]}}, {"model": "movies.filmwork", "pk": 9, "fields": {"created": "2021-06-10T14:44:38.296Z", "modified": "2021-06-10T14:44:38.296Z", "title": "FilmWork Title 08", "description": "FilmWork Description 8", "creation_date": "2021-06-10", "certificate": "FilmWork Certificate 8", "file_path": "", "rating": 0.0, "type": "movie", "uuid": "64df530d-a384-4192-9621-4b1387cfc8ba", "genres": [1]}}, {"model": "movies.filmwork", "pk": 10, "fields": {"created": "2021-06-10T14:44:38.311Z", "modified": "2021-06-10T14:44:38.311Z", "title": "FilmWork Title 09", "description": "FilmWork Description 9", "creation_date": "2021-06-10", "certificate": "FilmWork Certificate 9", "file_path": "", "rating": 0.0, "type": "tv_show", "uuid": "ad3aae06-189d-450d-8f83-d3d64edd0db4", "genres": [1]}}, {"model": "movies.filmwork", "pk": 11, "fields": {"created": "2021-06-10T14:47:27.799Z", "modified": "2021-06-10T14:47:27.799Z", "title": "FilmWork Title 00", "description": "FilmWork Description 0", "creation_date": "2021-06-10", "certificate": "FilmWork Certificate 0", "file_path": "", "rating": 6.0, "type": "tv_show", "uuid": "4d833b63-5a12-40e1-819a-77cecc89bef7", "genres": [2]}}, {"model": "movies.filmwork", "pk": 12, "fields": {"created": "2021-06-10T14:47:27.815Z", "modified": "2021-06-10T14:47:27.815Z", "title": "FilmWork Title 01", "description": "FilmWork Description 1", "creation_date": "2021-06-10", "certificate": "FilmWork Certificate 1", "file_path": "", "rating": 6.0, "type": "movie", "uuid": "2dfc218f-f320-4ae4-929e-da087761820d", "genres": [2]}}, {"model": "movies.filmwork", "pk": 13, "fields": {"created": "2021-06-10T14:47:27.828Z", "modified": "2021-06-10T14:47:27.828Z", "title": "FilmWork Title 02", "description": "FilmWork Description 2", "creation_date": "2021-06-10", "certificate": "FilmWork Certificate 2", "file_path": "", "rating": 6.0, "type": "movie", "uuid": "ddc10948-84ed-483d-bdfe-eecfa88f92f1", "genres": [2]}}, {"model": "movies.filmwork", "pk": 14, "fields": {"created": "2021-06-10T14:47:27.840Z", "modified": "2021-06-10T14:47:27.840Z", "title": "FilmWork Title 03", "description": "FilmWork Description 3", "creation_date": "2021-06-10", "certificate": "FilmWork Certificate 3", "file_path": "", "rating": 6.0, "type": "tv_show", "uuid": "9a1147a9-e6ce-4c32-8557-54256908fc99", "genres": [2]}}, {"model": "movies.filmwork", "pk": 15, "fields": {"created": "2021-06-10T14:47:27.854Z", "modified": "2021-06-10T14:47:27.854Z", "title": "FilmWork Title 04", "description": "FilmWork Description 4", "creation_date": "2021-06-10", "certificate": "FilmWork Certificate 4", "file_path": "", "rating": 6.0, "type": "tv_show", "uuid": "7f5148ea-8296-4760-a92d-e090d288f086", "genres": [2]}}, {"model": "movies.filmwork", "pk": 16, "fields": {"created": "2021-06-10T14:47:27.868Z", "modified": "2021-06-10T14:47:27.868Z", "title": "FilmWork Title 05", "description": "FilmWork Description 5", "creation_date": "2021-06-10", "certificate": "FilmWork Certificate 5", "file_path": "", "rating": 6.0, "type": "tv_show", "uuid": "8b10c36e-ec9b-444d-96e9-1f614e963c10", "genres": [2]}}, {"model": "movies.filmwork", "pk": 17, "fields": {"created": "2021-06-10T14:47:27.881Z", "modified": "2021-06-10T14:47:27.881Z", "title": "FilmWork Title 06", "description": "FilmWork Description 6", "creation_date": "2021-06-10", "certificate": "FilmWork Certificate 6", "file_path": "", "rating": 6.0, "type": "movie", "uuid": "3a7d2810-5064-428f-9523-2202487ae0a4", "genres": [2]}}, {"model": "movies.filmwork", "pk": 18, "fields": {"created": "2021-06-10T14:47:27.894Z", "modified": "2021-06-10T14:47:27.894Z", "title": "FilmWork Title 07", "description": "FilmWork Description 7", "creation_date": "2021-06-10", "certificate": "FilmWork Certificate 7", "file_path": "", "rating": 6.0, "type": "movie", "uuid": "aec2b941-991d-4e97-b656-86114817fb4a", "genres": [2]}}, {"model": "movies.filmwork", "pk": 19, "fields": {"created": "2021-06-10T14:47:27.908Z", "modified": "2021-06-10T14:47:27.908Z", "title": "FilmWork Title 08", "description": "FilmWork Description 8", "creation_date": "2021-06-10", "certificate": "FilmWork Certificate 8", "file_path": "", "rating": 6.0, "type": "tv_show", "uuid": "9132c134-98b0-47ca-9ff4-8bd2a53d9dd2", "genres": [2]}}, {"model": "movies.filmwork", "pk": 20, "fields": {"created": "2021-06-10T14:47:27.923Z", "modified": "2021-06-10T14:47:27.923Z", "title": "FilmWork Title 09", "description": "FilmWork Description 9", "creation_date": "2021-06-10", "certificate": "FilmWork Certificate 9", "file_path": "", "rating": 6.0, "type": "tv_show", "uuid": "ad655027-48a7-47a0-bedc-f387031c288e", "genres": [2]}}, {"model": "movies.cast", "pk": 1, "fields": {"person": "e26862f1-8981-458b-9c81-37f278f1c485", "film_work": 1, "role": 1}}, {"model": "movies.cast", "pk": 2, "fields": {"person": "c95db663-ab0f-408d-9465-fe71de09eb87", "film_work": 2, "role": 1}}, {"model": "movies.cast", "pk": 3, "fields": {"person": "4804bf2b-b558-4f0f-9280-52b2f7c85030", "film_work": 3, "role": 3}}, {"model": "movies.cast", "pk": 4, "fields": {"person": "c7f5be57-349c-436a-a712-faf318c7d93a", "film_work": 4, "role": 1}}, {"model": "movies.cast", "pk": 5, "fields": {"person": "a240315b-d94d-4f32-b942-4f46fcd0e02d", "film_work": 5, "role": 1}}, {"model": "movies.cast", "pk": 6, "fields": {"person": "10edc335-d5f0-40e2-ad33-e27b3069eb2d", "film_work": 6, "role": 1}}, {"model": "movies.cast", "pk": 7, "fields": {"person": "7a41fbf8-8221-46ab-b9d7-1fe6aab4df01", "film_work": 7, "role": 3}}, {"model": "movies.cast", "pk": 8, "fields": {"person": "035fd619-41d0-43af-83b3-65e69c5201f7", "film_work": 8, "role": 2}}, {"model": "movies.cast", "pk": 9, "fields": {"person": "99cff519-7eb4-4e9e-8ddc-671b0292d095", "film_work": 9, "role": 1}}, {"model": "movies.cast", "pk": 10, "fields": {"person": "04813661-06b9-478d-b76f-a8a3c311b4e0", "film_work": 10, "role": 2}}, {"model": "movies.cast", "pk": 11, "fields": {"person": "1d7111c9-9ffb-4850-bffc-93161abeaf83", "film_work": 11, "role": 2}}, {"model": "movies.cast", "pk": 12, "fields": {"person": "be70ab9a-6dcc-4e1d-a71d-42c63f77bf52", "film_work": 12, "role": 2}}, {"model": "movies.cast", "pk": 13, "fields": {"person": "2143db5c-f244-4196-8170-7e61096df7f1", "film_work": 13, "role": 3}}, {"model": "movies.cast", "pk": 14, "fields": {"person": "736a1497-6e37-48f2-9d65-5260815b1c6d", "film_work": 14, "role": 1}}, {"model": "movies.cast", "pk": 15, "fields": {"person": "666fa40e-cca9-4996-88e0-141253121714", "film_work": 15, "role": 2}}, {"model": "movies.cast", "pk": 16, "fields": {"person": "7e64c127-25c5-4458-a0e5-838185c2a3d5", "film_work": 16, "role": 2}}, {"model": "movies.cast", "pk": 17, "fields": {"person": "133310ba-a92d-497a-a983-6f581fc01a89", "film_work": 17, "role": 1}}, {"model": "movies.cast", "pk": 18, "fields": {"person": "9f53c446-8dc4-41a8-856b-720c20ef6fbd", "film_work": 18, "role": 2}}, {"model": "movies.cast", "pk": 19, "fields": {"person": "5428d5c8-634d-45f1-821b-3ab29aaeff4d", "film_work": 19, "role": 3}}, {"model": "movies.cast", "pk": 20, "fields": {"person": "3002bb50-465f-413f-b116-01c5eec5c729", "film_work": 20, "role": 1}}]
